{
   "index":"index.ejs",
   "notfound":"404.ejs",
   "redirect":{
      "callback":"/dashboard",
      "logout":"/",
      "createserver":"/dashboard?err=CREATED",
      "deleteserver":"/dashboard",
      "updateservers":"/dashboard",
      "failedcreateserver":"/servers/new",
      "failedmodifyserver":"/servers/edit",
      "setplan":"/admin",
      "failedsetplan":"/admin",
      "createserverdisabled":"/servers/new?err=disabled",
      "modifyserverdisabled":"/servers/modify?err=disabled",
      "deleteserverdisabled":"/delete?err=disabled",
      "regenpassword":"/credentials",
      "setresources":"/admin",
      "failedsetresources":"/admin",
      "giftresources":"/gift",
      "failedgiftresources":"/gift",
      "renewserver":"/dashboard",
      "setcoins":"/admin",
      "failedsetcoins":"/admin",
      "purchaseram":"/store",
      "failedpurchaseram":"/store",
      "purchasedisk":"/store",
      "failedpurchasedisk":"/store",
      "purchasecpu":"/store",
      "failedpurchasecpu":"/store",
      "purchaseservers":"/store",
      "failedpurchaseservers":"/store",
      "arcioerror":"/dashboard?err=arcio",
      "missingorinvalidcouponcode":"/redeem",
      "successfullyredeemedcoupon":"/redeem",
      "couponcreationfailed":"/admin",
      "couponcreationsuccess":"/admin",
      "couponrevokefailed":"/admin",
      "couponrevokesuccess":"/admin",
      "removeaccountfailed":"/admin",
      "removeaccountsuccess":"/admin"
   },
   "pages":{
      "dashboard":"dashboard.ejs",
      "servers/new":"create.ejs",
      "servers/edit":"edit.ejs",
      "admin":"admin.ejs",
      "admin/plans":"admin-plans.ejs",
      "admin/resources":"admin-resources.ejs",
      "admin/coupons":"admin-coupons.ejs",
      "admin/coins":"admin-coins.ejs",
      "redeem":"redeem.ejs",
      "settings":"settings.ejs",
      "gift":"gift.ejs",
      "j4r":"j4r.ejs",
      "afk":"coins.ejs",
      "store":"store.ejs",
      "servers":"servers.ejs",
      "credits":"credits.ejs",
      "lv":"lv.ejs"
   },
   "mustbeloggedin":[
      "/dashboard",
      "/servers/new",
      "/servers/edit",
      "/settings",
      "/j4r",
      "/afk",
      "/gift",
      "/store",
      "/coins",
      "/lv"
   ],
   "mustbeadmin":[
      "/admin",
      "/admin/plans",
      "/admin/resources",
      "/admin/coupons",
      "/admin/coins"
   ],
   "variables":{
      "faviconlink":"https://cdn.discordapp.com/attachments/881207010417315861/949595064554913812/Copy_of_H_35.png",
      "home":{
         "name":"Heliactyl",
         "icon":"E",
         "admin":"admin",
         "buttontext":{
            "loggedin":{
               "link":"/dashboard"
            },
            "loggedout":{
               "link":"/login"
            }
         }
      }
},
   "addons":{
            "ads":{
               "enabled": true,
               "name":"Heliactyl",
               "_commet":"adprovidercode will not work just paste the ad script directly into the ads.ejs",
               "adprovidercode":"none"
            },
            "announcements":{
               "enabled": true,
               "buttontext":"Great",
               "topmessage":"Old but Gold",
               "message":"Edit this in pages.json",
               "href_url":"https://discord.gg/pQDr78pACr"
            }
         }
}
